config,model,optimizer,lr,momentum,after_task,cil_raw_task0,cil_raw_task1,cil_raw_task2,cil_raw_past,cil_raw_current,cil_raw_unseen,cil_gen_task0,cil_gen_task1,cil_gen_task2,cil_gen_past,cil_gen_current,cil_gen_unseen,til_raw_task0,til_raw_task1,til_raw_task2,til_raw_past,til_raw_current,til_raw_unseen,til_gen_task0,til_gen_task1,til_gen_task2,til_gen_past,til_gen_current,til_gen_unseen,cil_unparsed,til_unparsed,cil_pmi_task0,cil_pmi_task1,cil_pmi_task2,cil_pmi_past,cil_pmi_current,cil_pmi_unseen,til_pmi_task0,til_pmi_task1,til_pmi_task2,til_pmi_past,til_pmi_current,til_pmi_unseen,cil_gap_past,cil_gap_current,cil_gap_unseen,til_gap_past,til_gap_current,til_gap_unseen
sgd_adamw_lr1e-4_mom0,sgd,adamw,1e-4,0,0,23.1,7.9,10.6,,23.1,9.25,0.0,0.0,0.0,,0.0,0.0,23.1,7.9,10.6,,23.1,9.25,0.0,0.0,0.0,,0.0,0.0,99.97,99.97,,,,,,,,,,,,,,,,,,
sgd_adamw_lr1e-4_mom0,sgd,adamw,1e-4,0,1,0.0,34.2,8.4,0.0,34.2,8.4,0.0,0.0,0.0,0.0,0.0,0.0,11.9,34.2,8.4,11.9,34.2,8.4,0.0,0.0,0.0,0.0,0.0,0.0,100.0,100.0,,,,,,,,,,,,,,,,,,
sgd_adamw_lr1e-4_mom0,sgd,adamw,1e-4,0,2,0.0,0.0,31.0,0.0,31.0,,0.0,0.0,0.0,0.0,0.0,,10.2,14.6,31.0,12.4,31.0,,0.0,0.0,0.0,0.0,0.0,,100.0,100.0,,,,,,,,,,,,,,,,,,
sgd_adamw_lr1e-5_mom0,sgd,adamw,1e-5,0,0,80.9,11.9,16.5,,80.9,14.2,11.5,5.4,10.3,,11.5,7.85,80.9,11.9,16.5,,80.9,14.2,11.5,5.4,10.3,,11.5,7.85,89.43,89.43,,,,,,,,,,,,,,,,,,
sgd_adamw_lr1e-5_mom0,sgd,adamw,1e-5,0,1,0.0,71.9,10.0,0.0,71.9,10.0,4.2,0.7,1.4,4.2,0.7,1.4,18.3,71.9,10.0,18.3,71.9,10.0,4.2,0.7,1.4,4.2,0.7,1.4,96.7,97.23,,,,,,,,,,,,,,,,,,
sgd_adamw_lr1e-5_mom0,sgd,adamw,1e-5,0,2,0.0,0.0,76.6,0.0,76.6,,5.4,0.4,4.0,2.9,4.0,,21.7,24.3,76.6,23.0,76.6,,5.4,0.4,4.0,2.9,4.0,,88.43,95.27,,,,,,,,,,,,,,,,,,
sgd_adamw_lr3e-5_mom0,sgd,adamw,3e-5,0,0,89.3,10.4,11.6,,89.3,11.0,6.1,3.4,3.4,,6.1,3.4,89.3,10.4,11.6,,89.3,11.0,6.1,3.4,3.4,,6.1,3.4,94.83,94.83,,,,,,,,,,,,,,,,,,
sgd_adamw_lr3e-5_mom0,sgd,adamw,3e-5,0,1,0.0,87.3,8.5,0.0,87.3,8.5,1.1,0.5,1.9,1.1,0.5,1.9,39.0,87.3,8.5,39.0,87.3,8.5,1.1,0.5,1.9,1.1,0.5,1.9,98.37,98.63,,,,,,,,,,,,,,,,,,
sgd_adamw_lr3e-5_mom0,sgd,adamw,3e-5,0,2,0.0,0.2,89.0,0.1,89.0,,0.5,0.0,0.0,0.25,0.0,,13.9,43.5,89.0,28.7,89.0,,0.5,0.0,0.0,0.25,0.0,,99.3,99.73,,,,,,,,,,,,,,,,,,
sgd_sgd_lr0.01_mom0.9,sgd,sgd,0.01,0.9,0,10.0,10.0,10.0,,10.0,10.0,0.0,0.0,0.0,,0.0,0.0,10.0,10.0,10.0,,10.0,10.0,0.0,0.0,0.0,,0.0,0.0,100.0,100.0,,,,,,,,,,,,,,,,,,
sgd_sgd_lr0.01_mom0.9,sgd,sgd,0.01,0.9,1,0.0,10.0,10.0,0.0,10.0,10.0,0.0,0.0,0.0,0.0,0.0,0.0,10.0,10.0,10.0,10.0,10.0,10.0,0.0,0.0,0.0,0.0,0.0,0.0,100.0,100.0,,,,,,,,,,,,,,,,,,
sgd_sgd_lr0.01_mom0.9,sgd,sgd,0.01,0.9,2,0.0,0.0,10.0,0.0,10.0,,0.0,0.0,0.0,0.0,0.0,,10.0,10.0,10.0,10.0,10.0,,0.0,0.0,0.0,0.0,0.0,,100.0,100.0,,,,,,,,,,,,,,,,,,
vlm-sgd_adamw_lr1e-4_mom0,vlm-sgd,adamw,1e-4,0,0,29.5,10.5,10.0,,29.5,10.25,30.5,0.0,0.0,,30.5,0.0,29.5,10.5,10.0,,29.5,10.25,30.5,0.0,0.0,,30.5,0.0,66.67,66.67,21.4,10.1,13.3,,21.4,11.7,21.4,10.1,13.3,,21.4,11.7,,8.1,-1.45,,8.1,-1.45
vlm-sgd_adamw_lr1e-4_mom0,vlm-sgd,adamw,1e-4,0,1,0.0,36.5,10.0,0.0,36.5,10.0,0.0,36.3,0.0,0.0,36.3,0.0,9.7,36.5,10.0,9.7,36.5,10.0,0.0,36.3,0.0,0.0,36.3,0.0,33.33,66.67,0.5,30.0,11.1,0.5,30.0,11.1,12.7,31.4,11.1,12.7,31.4,11.1,-0.5,6.5,-1.1,-3.0,5.1,-1.1
vlm-sgd_adamw_lr1e-4_mom0,vlm-sgd,adamw,1e-4,0,2,0.0,0.0,32.8,0.0,32.8,,0.0,0.0,33.4,0.0,33.4,,14.7,16.0,32.8,15.35,32.8,,0.0,0.0,33.4,0.0,33.4,,0.0,66.67,0.0,0.0,27.5,0.0,27.5,,9.4,11.3,27.9,10.35,27.9,,0.0,5.3,,5.0,4.9,
vlm-sgd_adamw_lr1e-5_mom0,vlm-sgd,adamw,1e-5,0,0,96.9,71.1,74.0,,96.9,72.55,95.7,18.2,30.5,,95.7,24.35,96.9,71.1,74.0,,96.9,72.55,95.7,18.2,30.5,,95.7,24.35,50.73,50.73,95.7,79.9,77.9,,95.7,78.9,95.7,79.9,77.9,,95.7,78.9,,1.2,-6.35,,1.2,-6.35
vlm-sgd_adamw_lr1e-5_mom0,vlm-sgd,adamw,1e-5,0,1,54.7,96.1,71.0,54.7,96.1,71.0,48.2,95.7,29.5,48.2,95.7,29.5,84.4,96.1,71.0,84.4,96.1,71.0,48.2,95.7,29.5,48.2,95.7,29.5,27.77,40.27,57.9,95.1,79.6,57.9,95.1,79.6,88.1,95.1,79.6,88.1,95.1,79.6,-3.2,1.0,-8.6,-3.7,1.0,-8.6
vlm-sgd_adamw_lr1e-5_mom0,vlm-sgd,adamw,1e-5,0,2,43.6,62.9,96.7,53.25,96.7,,38.2,59.6,96.3,48.9,96.3,,81.0,84.1,96.8,82.55,96.8,,38.2,59.6,96.3,48.9,96.3,,6.37,33.47,60.0,75.5,93.5,67.75,93.5,,88.8,86.3,96.3,87.55,96.3,,-14.5,3.2,,-5.0,0.5,
vlm-sgd_adamw_lr3e-5_mom0,vlm-sgd,adamw,3e-5,0,0,95.4,62.2,62.0,,95.4,62.1,95.4,2.5,9.5,,95.4,6.0,95.4,62.2,62.0,,95.4,62.1,95.4,2.5,9.5,,95.4,6.0,62.67,62.67,96.5,75.0,73.0,,96.5,74.0,96.5,75.0,73.0,,96.5,74.0,,-1.1,-11.9,,-1.1,-11.9
vlm-sgd_adamw_lr3e-5_mom0,vlm-sgd,adamw,3e-5,0,1,22.8,93.9,45.6,22.8,93.9,45.6,21.3,93.7,13.7,21.3,93.7,13.7,69.3,93.9,45.6,69.3,93.9,45.6,21.3,93.7,13.7,21.3,93.7,13.7,30.53,54.97,46.7,94.5,71.4,46.7,94.5,71.4,76.7,94.6,71.4,76.7,94.6,71.4,-23.9,-0.6,-25.8,-7.4,-0.7,-25.8
vlm-sgd_adamw_lr3e-5_mom0,vlm-sgd,adamw,3e-5,0,2,12.7,29.2,93.4,20.95,93.4,,12.4,28.7,93.0,20.55,93.0,,62.8,71.1,93.4,66.95,93.4,,12.4,28.7,93.0,20.55,93.0,,1.3,52.83,48.6,60.8,94.4,54.7,94.4,,72.4,81.0,95.1,76.7,95.1,,-33.75,-1.0,,-9.75,-1.7,
vlm-sgd_sgd_lr0.01_mom0.9,vlm-sgd,sgd,0.01,0.9,0,93.8,60.7,62.4,,93.8,61.55,93.3,0.5,6.1,,93.3,3.3,93.8,60.7,62.4,,93.8,61.55,93.3,0.5,6.1,,93.3,3.3,64.57,64.57,95.2,70.9,75.5,,95.2,73.2,95.2,70.9,75.5,,95.2,73.2,,-1.4,-11.65,,-1.4,-11.65
vlm-sgd_sgd_lr0.01_mom0.9,vlm-sgd,sgd,0.01,0.9,1,14.8,93.5,43.5,14.8,93.5,43.5,15.0,93.5,12.4,15.0,93.5,12.4,70.5,93.5,43.5,70.5,93.5,43.5,15.0,93.5,12.4,15.0,93.5,12.4,30.37,57.53,49.3,91.8,67.8,49.3,91.8,67.8,78.6,91.9,67.8,78.6,91.9,67.8,-34.5,1.7,-24.3,-8.1,1.6,-24.3
vlm-sgd_sgd_lr0.01_mom0.9,vlm-sgd,sgd,0.01,0.9,2,8.2,25.1,92.5,16.65,92.5,,8.3,25.2,92.1,16.75,92.1,,67.8,73.9,92.5,70.85,92.5,,8.3,25.2,92.1,16.75,92.1,,1.8,55.43,43.4,46.3,91.9,44.85,91.9,,71.9,76.9,92.3,74.4,92.3,,-28.2,0.6,,-3.55,0.2,
